Institution,Nickname,Location,Founded,Joined,Left,Enrollment,Conference
Davidson College,Wildcats,"Davidson, North Carolina",1837,2014,,1843,A-10
University of Dayton,Flyers,"Dayton, Ohio",1850,1995,,11241,A-10
Duquesne University,Dukes,"Pittsburgh, Pennsylvania",1878,1976,,9274,A-10
Fordham University,Rams,"New York, New York",1841,1995,,16515,A-10
George Mason University,Patriots,"Fairfax, Virginia",1957,2013,,35047,A-10
George Washington University,Revolutionaries,"Washington, D.C.",1821,1976,,28172,A-10
La Salle University,Explorers,"Philadelphia, Pennsylvania",1863,1995,,5191,A-10
Loyola University Chicago,Ramblers,"Chicago, Illinois",1870,2022,,"16,437[4]",A-10
University of Massachusetts Amherst,Minutemen and Minutewomen,"Amherst, Massachusetts",1863,1976,,30593,A-10
University of Rhode Island,Rams,"Kingston, Rhode Island",1892,1980,,16883,A-10
University of Richmond,Spiders,"Richmond, Virginia",1840,2001,,4002,A-10
St. Bonaventure University,Bonnies,"St. Bonaventure, New York",1858,1979,,2381,A-10
Saint Joseph's University,Hawks,"Philadelphia, Pennsylvania",1851,1982,,7589,A-10
Saint Louis University,Billikens,"St. Louis, Missouri",1818,2005,,12883,A-10
Virginia Commonwealth University,Rams,"Richmond, Virginia",1838,2012,,31076,A-10
Butler University,Bulldogs,"Indianapolis, Indiana",1855,2012,2013,4667,A-10
University of North Carolina at Charlotte,49ers,"Charlotte, North Carolina",1946,2005,2013,26232,A-10
University of Pittsburgh,Panthers,"Pittsburgh, Pennsylvania",1787,1976,1982,28766,A-10
Rutgers University,Scarlet Knights,"New Brunswick, New Jersey",1766,1976,1995,58788,A-10
Temple University,Owls,"Philadelphia, Pennsylvania",1884,1982,2013,38648,A-10
Villanova University,Wildcats,"Villanova, Pennsylvania",1842,1976,1980,10482,A-10
Virginia Tech,Hokies,"Blacksburg, Virginia",1872,1995,2000,31087,A-10
West Virginia University,Mountaineers,"Morgantown, West Virginia",1867,1976,1995,29707,A-10
Xavier University,Musketeers,"Cincinnati, Ohio",1831,1995,2013,6650,A-10
Boston University,Terriers,"Boston, Massachusetts",1839,1973,1997,29978,A-10
University of Connecticut,Huskies,"Storrs, Connecticut",1881,1947,1999,25583,A-10
University of Delaware,Fightin' Blue Hens,"Newark, Delaware",1743,1986,2006,19391,A-10
Hofstra University,Pride,"Hempstead, New York",1935,2001,2006,12400,A-10
James Madison University,Dukes,"Harrisonburg, Virginia",1908,1993,2006,19927,A-10
University of Maine,Black Bears,"Orono, Maine",1865,1947,2006,10901,A-10
University of New Hampshire,Wildcats,"Durham, New Hampshire",1866,1947,2006,11942,A-10
Northeastern University,Huskies,"Boston, Massachusetts",1898,1993,2006,12913,A-10
Towson University,Tigers,"Towson, Maryland",1866,2004,2006,21950,A-10
Villanova University,Wildcats,"Villanova, Pennsylvania",1842,1988,2006,10482,A-10
The College of William & Mary,Tribe,"Williamsburg, Virginia",1693,1993,2006,8258,A-10
Pennsylvania State University,Nittany Lions,"University Park, Pennsylvania",1855,1982,1991,46810,A-10
Pennsylvania State University,Nittany Lions,"University Park, Pennsylvania",1855,1976,1979,46810,A-10
Austin Peay State University,Governors,"Clarksville, Tennessee",1927,2022,,10344,ASUN
Bellarmine University,Knights,"Louisville, Kentucky",1950,2022,,3369,ASUN
University of Central Arkansas,Bears & Sugar Bears,"Conway, Arkansas",1907,2022,,10869,ASUN
Eastern Kentucky University,Colonels,"Richmond, Kentucky",1874,2022,,16959,ASUN
Florida Gulf Coast University,Eagles,"Fort Myers, Florida[b]",1997,2022,,15076,ASUN
Jacksonville University,Dolphins,"Jacksonville, Florida",1934,2022,,4213,ASUN
Kennesaw State University,Owls,"Kennesaw, Georgia",1963,2022,,41181,ASUN
Lipscomb University,Bisons,"Nashville, Tennessee",1891,2022,,4620,ASUN
University of North Alabama,Lions,"Florence, Alabama",1830,2022,,7650,ASUN
University of North Florida,Ospreys,"Jacksonville, Florida",1969,2022,,16309,ASUN
Queens University of Charlotte,Royals,"Charlotte, North Carolina",1857,2022,,2463,ASUN
Stetson University,Hatters,"DeLand, Florida",1883,2022,,4330,ASUN
Alabama Christian College /Faulkner University,Eagles,"Montgomery, Alabama",1942,1981,1997,,Southern States Conference
Alabama College /University of Montevallo,Falcons,"Montevallo, Alabama",1896,1960,1995,,Southern States Conference
University of Alabama in Huntsville,Chargers,"Huntsville, Alabama",1950,1973,1993,,Southern States Conference
Athens College,Bears,"Athens, Alabama",1822,1948,1997,,Southern States Conference
Auburn University at Montgomery,Warhawks,"Montgomery, Alabama",1967,1975,1997,,Southern States Conference
Belhaven College,Blazers,"Jackson, Mississippi",1883,1974,1981,,Southern States Conference
Birmingham–Southern College,Panthers,"Birmingham, Alabama",1856,1977,1996,,Southern States Conference
Columbus College,Cougars,"Columbus, Georgia",1958,1972,1973,,Southern States Conference
Eldridge Baptist Academy /Eldridge Junior College,,"Eldridge, Alabama",1890,1939,1940,,Southern States Conference
Florence State Teachers College /University of North Alabama,Lions,"Florence, Alabama",1830,1949,1971,,Southern States Conference
Huntingdon College,Hawks,"Montgomery, Alabama",1854,1960,1995,,Southern States Conference
Jacksonville State Teachers College /Jacksonville State College /Jacksonville State University,Gamecocks,"Jacksonville, Alabama",1883,1938,1970,,Southern States Conference
Life College,Running Eagles,"Marietta, Georgia",1974,1996,1997,,Southern States Conference
Livingston State Teachers College /Livingston State College,Tigers,"Livingston, Alabama",1835,1938,1970,,Southern States Conference
Marion Military Institute,Tigers,"Marion, Alabama",1842,1938,1956,,Southern States Conference
Saint Bernard College /Southern Benedictine College,Saints,"Cullman, Alabama",1929,1938,1979,,Southern States Conference
Selma University,Bulldogs,"Selma, Alabama",1878,,1997,,Southern States Conference
Snead State Junior College,Parsons,"Boaz, Alabama",1898,1938,1956,,Southern States Conference
Southern Union Junior College,Bison,"Wadley, Alabama",1922,1940,1956,,Southern States Conference
Spring Hill College,Badgers,"Mobile, Alabama",1830,1942,1981,,Southern States Conference
Talladega College,Tornadoes,"Talladega, Alabama",1867,1982,1997,,Southern States Conference
Thomas College,Night Hawks,"Thomasville, Georgia",1950,1996,1997,,Southern States Conference
Troy State Teachers College /Troy State College /Troy State University,Trojans,"Troy, Alabama",1887,1938,1972,,Southern States Conference
William Carey College,Crusaders,"Hattiesburg, Mississippi",1892,1972,1981,,Southern States Conference
University of West Florida,Argonauts,"Pensacola, Florida",1963,1975,1994,,Southern States Conference
Oklahoma Baptist University,Bison,"Shawnee, Oklahoma",1910,1929,1932,,Big 4 Conference
Oklahoma City University,Goldbugs,"Oklahoma City, Oklahoma",1904,1929,1932,,Big 4 Conference
Phillips University,Haymakers,"Enid, Oklahoma",1906,1929,1932,,Big 4 Conference
University of Tulsa,Tulsa Golden Hurricane,"Tulsa, Oklahoma",1894,1929,1932,,Big 4 Conference
Eastern Washington University,Eagles,"Cheney, Washington",1882,1987,,12607,
Idaho State University,Bengals,"Pocatello, Idaho",1901,1963,,12805,
University of Montana,Grizzlies[b],"Missoula, Montana",1893,1963,,10104,
Montana State University,Bobcats,"Bozeman, Montana",1893,1963,,16766,
Northern Arizona University,Lumberjacks,"Flagstaff, Arizona",1899,1970,,22791,
University of Northern Colorado,Bears,"Greeley, Colorado",1889,2006,,12862,
Portland State University,Vikings,"Portland, Oregon",1946,1996,,27285,
"California State University, Sacramento",Hornets,"Sacramento, California",1947,1996,,31181,
Weber State University,Wildcats,"Ogden, Utah",1889,1963,,27465,
Boise State University,Broncos,"Boise, Idaho",1932,1970,1996.0,26155,
"California State University, Northridge",Matadors,"Northridge, California",1958,1996,2001.0,38511,
Gonzaga University,Bulldogs,"Spokane, Washington",1887,1963,1979.0,7421,
University of Nevada,Wolf Pack,"Reno, Nevada",1874,1979,1992.0,21034,
University of North Dakota,Fighting Hawks,"Grand Forks, North Dakota",1883,2012,2018.0,13772,
Southern Utah University,Thunderbirds,"Cedar City, Utah",1897,2012,2022.0,14330,
University of Idaho,Vandals,"Moscow, Idaho",1889,1963,1996.0,11926,Big Sky
University of Idaho,Vandals,"Moscow, Idaho",1889,2018,,11926,Big Sky
Charleston Southern University,Buccaneers,"North Charleston, South Carolina",1964,1983,,3414.0,Big South
Gardner–Webb University,Runnin' Bulldogs,"Boiling Springs, North Carolina",1905,2008,,3594.0,Big South
High Point University,Panthers,"High Point, North Carolina",1924,1999,,4545.0,Big South
Longwood University,Lancers,"Farmville, Virginia",1839,2012,,4470.0,Big South
Presbyterian College,Blue Hose,"Clinton, South Carolina",1880,2007,,1330.0,Big South
Radford University,Highlanders,"Radford, Virginia",1910,1983,,10700.0,Big South
University of North Carolina at Asheville,Bulldogs,"Asheville, North Carolina",1927,1984,,3762.0,Big South
University of South Carolina Upstate,Spartans,"Spartanburg, South Carolina",1967,2018,,6000.0,Big South
Winthrop University,Eagles,"Rock Hill, South Carolina",1886,1983,,6073.0,Big South
Armstrong State University,Pirates,"Savannah, Georgia",1935,1983,1987.0,,Big South
Augusta University[b],Jaguars,"Augusta, Georgia",1785,1983,1990.0,,Big South
Birmingham–Southern College,Panthers,"Birmingham, Alabama",1856,2000,2007.0,,Big South
Coastal Carolina University,Chanticleers,"Conway, South Carolina",1954,1983,2016.0,,Big South
Davidson College,Wildcats,"Davidson, North Carolina",1837,1990,1992.0,,Big South
Elon University,Phoenix,"Elon, North Carolina",1889,1999,2003.0,,Big South
Hampton University,Pirates,"Hampton, Virginia",1868,2018,2022.0,,Big South
Liberty University,Flames and Lady Flames,"Lynchburg, Virginia",1971,1991,2018.0,,Big South
"University of Maryland, Baltimore County",Retrievers,"Catonsville, Maryland",1966,1992,1998.0,,Big South
North Carolina A&T State University,Aggies,"Greensboro, North Carolina",1891,2021,2022.0,,Big South
University of North Carolina at Greensboro,Spartans,"Greensboro, North Carolina",1891,1992,1997.0,,Big South
Towson University,Tigers,"Towson, Maryland",1866,1992,1995.0,,Big South
Virginia Military Institute,Keydets,"Lexington, Virginia",1839,2003,2014.0,,Big South
Campbell University,Fighting Camels,"Buies Creek, North Carolina",1887,1983,1994.0,6448.0,Big South
Campbell University,Fighting Camels,"Buies Creek, North Carolina",1887,1983,1994.0,6448.0,Big South
California Polytechnic State University(Cal Poly San Luis Obispo),Mustangs,"San Luis Obispo, California",1901,1996,2000,22287,Big West
"California State University, Bakersfield(Cal State Bakersfield)",Roadrunners,"Bakersfield, California",1965,2020,2000,9261,Big West
"California State University, Fullerton(Cal State Fullerton)",Titans,"Fullerton, California",1957,1974,2000,38726,Big West
"California State University, Northridge(Cal State Northridge)",Matadors,"Northridge, California[c]",1958,2001,2000,38511,Big West
University of Hawaiʻi at Mānoa(Hawaiʻi),Rainbow Warriors& Rainbow Wahine[e],"Honolulu, Hawaii",1907,2012,2000,19074,Big West
"California State University, Long Beach(Long Beach State)",Beach[f],"Long Beach, California",1949,1969,2000,39360,Big West
"University of California, Davis(UC Davis)",Aggies,"Davis, California",1905,2007,2000,40772,Big West
"University of California, Irvine(UC Irvine)",Anteaters,"Irvine, California",1965,1977,2000,37243,Big West
"University of California, Riverside(UC Riverside)",Highlanders,"Riverside, California",1954,2001,2000,26809,Big West
"University of California, San Diego(UC San Diego)[g]",Tritons,"La Jolla, California[h]",1960,2020,2000,42968,Big West
Boise State University,Broncos,"Boise, Idaho",1932,1996,2000,22678,Big West
"California State University, Fresno(Fresno State)",Bulldogs,"Fresno, California",1911,1969,1992,22565,Big West
"California State University, Los Angeles(Cal State L.A.)",Golden Eagles,"Los Angeles, California",1947,1969,1974,20619,Big West
University of Idaho,Vandals,"Moscow, Idaho",1889,1996,2000,11180,Big West
"University of Nevada, Las Vegas(UNLV)",Rebels,"Las Vegas, Nevada[a]",1957,1982,1996,28203,Big West
"University of Nevada, Reno",Wolf Pack,"Reno, Nevada",1874,1992,2000,18227,Big West
New Mexico State University,Aggies,"Las Cruces, New Mexico",1888,1983,2000,18497,Big West
University of North Texas,Mean Green,"Denton, Texas",1890,1996,2000,35778,Big West
San Diego State University,Aztecs,"San Diego, California",1897,1969,1978,28789,Big West
San Jose State University,Spartans,"San Jose, California",1857,1969,1996,32697,Big West
Utah State University,Aggies,"Logan, Utah",1888,1978,2000,28796,Big West
University of the Pacific,Tigers,"Stockton, California",1851,1969,2000,6296,Big West
Arkansas State University,Indians[a],"Jonesboro, Arkansas",1909,1993,1995,13438,Big West
Louisiana Tech University,Bulldogs,"Ruston, Louisiana",1894,1993,1995,11581,Big West
Northern Illinois University,Huskies,"DeKalb, Illinois",1895,1993,1995,25313,Big West
University of Southwestern Louisiana[d],Ragin' Cajuns,"Lafayette, Louisiana",1898,1993,1996,19188,Big West
"University of California, Santa Barbara",Gauchos,"Santa Barbara, California",1909,1969,1973,25057,Big West
"University of California, Santa Barbara",Gauchos,"Santa Barbara, California",1909,1976,2000,25057,Big West
University at Albany,Great Danes,"Albany, New York",1844,2013,,17944,CAA
Campbell University,Fighting Camels,"Buies Creek, North Carolina",1887,2023,,5622,CAA
University of Delaware,Fightin' Blue Hens,"Newark, Delaware",1743,2007,,23281,CAA
Elon University,Phoenix,"Elon, North Carolina",1889,2014,,6991,CAA
Hampton University,Pirates,"Hampton, Virginia",1868,2022,,3516,CAA
University of Maine,Black Bears,"Orono, Maine",1865,2007,,11404,CAA
Monmouth University,Hawks,"West Long Branch, New Jersey",1933,2022,,5675,CAA
University of New Hampshire,Wildcats,"Durham, New Hampshire",1866,2007,,15305,CAA
North Carolina A&T State University,Aggies,"Greensboro, North Carolina",1891,2023,,13332,CAA
Towson University,Tigers,"Towson, Maryland",1866,2007,,22923,CAA
University of Rhode Island,Rams,"Kingston, Rhode Island",1892,2007,,16883,CAA
University of Richmond,Spiders,"Richmond, Virginia",1830,2007,,4002,CAA
Stony Brook University,Seawolves,"Stony Brook, New York",1957,2013,,26782,CAA
Villanova University,Wildcats,"Villanova, Pennsylvania",1842,2007,,11023,CAA
College of William & Mary,Tribe,"Williamsburg, Virginia",1693,2007,,8817,CAA
Hofstra University,Pride,"Hempstead, New York",1935,2007,2009.0,10871,CAA
Georgia State University,Panthers,"Atlanta, Georgia",1913,2012,2013.0,32082,CAA
James Madison University,Dukes,"Harrisonburg, Virginia",1908,2007,2022.0,21227,CAA
University of Massachusetts,Minutemen,"Amherst, Massachusetts",1863,2007,2012.0,28635,CAA
Northeastern University,Huskies,"Boston, Massachusetts",1898,2007,2009.0,21627,CAA
Old Dominion University,Monarchs,"Norfolk, Virginia",1930,2011,2013.0,24932,CAA
"California State Polytechnic University, Humboldt",Lumberjacks,Arcata,1913,2006,,,CCAA
"California State Polytechnic University, Pomona",Broncos,Pomona,1938,1967,,,CCAA
California State - Chico,Wildcats,Chico,1887,1998,,,CCAA
California State - Dominguez Hills,Toros,Carson,1960,1980,,,CCAA
California State - East Bay,Pioneers,Hayward,1957,2009,,,CCAA
California State - Monterey Bay,Otters,Seaside,1994,2004,,,CCAA
California State - San Bernardino,Coyotes,San Bernardino,1965,1991,,,CCAA
California State University San Marcos,Cougars,San Marcos,1989,2015,,,CCAA
California State - Stanislaus,Warriors,Turlock,1957,1998,,,CCAA
San Francisco State University,Gators,San Francisco,1899,1998,,,CCAA
Sonoma State University,Seawolves,Rohnert Park,1960,1998,,,CCAA
California Polytechnic State University,Mustangs,San Luis Obispo,1901,1945,1994.0,21306.0,CCAA
California State - Bakersfield,Roadrunners,Bakersfield,1965,1972,2007.0,8720.0,CCAA
California State - Fresno,Bulldogs,Fresno,1911,1939,1969.0,25341.0,CCAA
California State - Fullerton,Titans,Fullerton,1957,1967,1974.0,40235.0,CCAA
California State - Long Beach,49ers[d],Long Beach,1949,1956,1969.0,37776.0,CCAA
California State - Northridge,Matadors,Northridge,1958,1961,1990.0,39916.0,CCAA
"University of California, Davis",Aggies,Davis,1905,1998,2004.0,36441.0,CCAA
"University of California, Riverside",Highlanders,Riverside,1954,1969,2000.0,22921.0,CCAA
"University of California, San Diego",Tritons,La Jolla,1960,2000,2020.0,33735.0,CCAA
"University of California, Santa Barbara",Gauchos,Santa Barbara,1891,1939,1969.0,24346.0,CCAA
Chapman University,Panthers,Orange,1861,1978,1993.0,10001.0,CCAA
Grand Canyon University,Antelopes,Phoenix(Arizona),1949,1994,2004.0,25000.0,CCAA
University of the Pacific,Tigers,Stockton,1851,1946,1949.0,6652.0,CCAA
Pepperdine University,Waves,Malibu,1937,1945,1954.0,6000.0,CCAA
San Diego State University,Aztecs,San Diego,1897,1939,1969.0,35578.0,CCAA
San Jose State University,Spartans,San Jose,1857,1939,1950.0,33025.0,CCAA
California State - Los Angeles,Golden Eagles,"Los Angeles, California",1947,1963,1968.0,27959.0,CCAA
California State - Los Angeles,Golden Eagles,"Los Angeles, California",1947,1974,,27959.0,CCAA
Barton College,Bulldogs,"Wilson, North Carolina",1902,1930,,1213,Carolinas Conference
Belmont Abbey College,Crusaders,"Belmont, North Carolina",1876,1989,,1517,Carolinas Conference
Chowan University,Hawks,"Murfreesboro, North Carolina",1848,2019,,981,Carolinas Conference
Converse University,Valkyries,"Spartanburg, South Carolina",1889,2007,,1377,Carolinas Conference
Emmanuel University,Lions,"Franklin Springs, Georgia",1919,2014,,861,Carolinas Conference
Erskine College,Flying Fleet,"Due West, South Carolina",1839,1995,,825,Carolinas Conference
Francis Marion University,Patriots,"Florence, South Carolina",1970,2021,,3923,Carolinas Conference
King University,Tornado,"Bristol, Tennessee",1867,2011,,1658,Carolinas Conference
Lees–McRae College,Bobcats,"Banner Elk, North Carolina",1899,1993,,873,Carolinas Conference
University of Mount Olive,Trojans,"Mount Olive, North Carolina",1951,1988,,2273,Carolinas Conference
North Greenville University,Crusaders,"Tigerville, South Carolina",1891,2011,,2273,Carolinas Conference
Southern Wesleyan University,Warriors,"Central, South Carolina",1908,2014,,1345,Carolinas Conference
University of North Carolina at Pembroke,Braves,"Pembroke, North Carolina",1887,,,8318,Carolinas Conference
Young Harris College,Mountain Lions,"Young Harris, Georgia",1886,2023,,1408,Carolinas Conference
Anderson University,Trojans,"Anderson, South Carolina",1911,1998,2010,4008,Carolinas Conference
Appalachian State University,Mountaineers,"Boone, North Carolina",1899,1930,1968,20641,Carolinas Conference
Catawba College,Indians,"Salisbury, North Carolina",1851,1930,1989,1207,Carolinas Conference
Coker College[c],Cobras,"Hartsville, South Carolina",1908,1991,2013,1087,Carolinas Conference
East Carolina College[d],Pirates,"Greenville, North Carolina",1907,1947,1962,28021,Carolinas Conference
Elon College[e],Phoenix,"Elon, North Carolina",1889,1930,1989,7127,Carolinas Conference
Guilford College,Quakers,"Greensboro, North Carolina",1837,1930,1988,1198,Carolinas Conference
High Point University,Panthers,"High Point, North Carolina",1924,1930,1997,5860,Carolinas Conference
Limestone College[i],Saints,"Gaffney, South Carolina",1845,1998,2020,1840,Carolinas Conference
Longwood University,Lancers,"Farmville, Virginia",1839,1995,2003,4612,Carolinas Conference
Mars Hill College[j],Lions,"Mars Hill, North Carolina",1856,1972,1976,1072,Carolinas Conference
Newberry College,Wolves,"Newberry, South Carolina",1856,1961,1972,1242,Carolinas Conference
Pfeiffer University,Falcons,"Misenheimer, North Carolina",1885,1960,2017,1185,Carolinas Conference
Presbyterian College,Blue Hose,"Clinton, South Carolina",1880,1964,1972,1231,Carolinas Conference
Queens University of Charlotte,Royals,"Charlotte, North Carolina",1857,1995,2013,2063,Carolinas Conference
St. Andrews University,Knights,"Laurinburg, North Carolina",1958,1988,2012,887,Carolinas Conference
Western Carolina University,Catamounts,"Cullowhee, North Carolina",1889,1933,1969,11877,Carolinas Conference
Wingate College[n],Bulldogs,"Wingate, North Carolina",1896,1979,1989,3440,Carolinas Conference
Birmingham-Southern College,Panthers,"Birmingham, Alabama",1856,1930,1942,1300,Dixie
Samford University,Bulldogs,"Homewood, Alabama",1841,1930,1942,5692,Dixie
Rhodes College,Lynx,"Memphis, Tennessee",1848,1930,1942,2000,Dixie
University of Tennessee at Chattanooga,Mocs,"Chattanooga, Tennessee",1886,1930,1942,11561,Dixie
Spring Hill College,Badgers,"Mobile, Alabama",1830,1930,1942,1500,Dixie
Mercer University,Bears,"Macon, Georgia",1833,1930,1942,8600,Dixie
Loyola University New Orleans,Wolf Pack,"New Orleans, Louisiana",1912,1932,1942,4261,Dixie
Florida State University,Seminoles,"Tallahassee, Florida",1851,1948,1950,41867,Dixie
Howard College,Bulldogs,"Homewood, Alabama",1841,1948,1949,5692,Dixie
Stetson University,Hatters,"DeLand, Florida",1883,1948,1949,4378,Dixie
University of Tampa,Spartans,"Tampa, Florida",1931,1948,1949,9269,Dixie
Florida Southern College,Moccasins,"Lakeland, Florida",1883,1949,1954,3000,Dixie
Lambuth College,Eagles,"Jackson, Tennessee",1843,1948,1949,1000,Dixie
Mercer University,Bears,"Macon, Georgia",1833,1948,1954,8600,Dixie
Oglethorpe University,Stormy Petrels,"Brookhaven, Georgia",1835,1948,1954,1200,Dixie
Millsaps College,Majors,"Jackson, Mississippi",1890,1948,1954,1100,Dixie
University of Houston,Cougars,"Houston, Texas",,1949,1950,,Gulf Coast Conference
Midwestern State University,Mustangs,"Wichita Falls, Texas",,1949,1957,,Gulf Coast Conference
University of North Texas,Mean Green,"Denton, Texas",,1949,1957,,Gulf Coast Conference
Trinity University,Tigers,"San Antonio, Texas",,1949,1957,,Gulf Coast Conference
Abilene Christian University,Wildcats,"Abilene, Texas",,1954,1957,,Gulf Coast Conference
Hardin-Simmons University,Cowboys,"Abilene, Texas",,1956,1957,,Gulf Coast Conference
Arkansas Tech University,Wonder Boys &Golden Suns,"Russellville, Arkansas",1909,1995,2011,12009,Mid-South Conference
University of Arkansas at Monticello,Boll Weevils &Cotton Blossoms,"Monticello, Arkansas",1910,1995,2011,3659,Mid-South Conference
University of Central Arkansas,Bears &Sugar Bears,"Conway, Arkansas",1907,1993,2006,10869,Mid-South Conference
Harding University[b],Bisons &Lady Bisons,"Searcy, Arkansas",1924,2000,2011,6009,Mid-South Conference
Henderson State University,Reddies,"Arkadelphia, Arkansas",1890,1993,2011,3530,Mid-South Conference
Jacksonville State University,Gamecocks,"Jacksonville, Alabama",1883,1970,1993,9238,Mid-South Conference
Lincoln Memorial University,Railsplitters,"Harrogate, Tennessee",1897,1992,2006,4867,Mid-South Conference
Mississippi University for Women,Blues[c],"Columbus, Mississippi",1884,1993,2003,2479,Mid-South Conference
University of New Orleans[e],Privateers,"New Orleans, Louisiana",1958,2011,2012,8511,Mid-South Conference
Nicholls State University,Colonels,"Thibodaux, Louisiana",1948,1971,1979,6366,Mid-South Conference
University of North Alabama,Lions,"Florence, Alabama",1830,1971,2018,7650,Mid-South Conference
Northwestern State University,Demons,"Natchitoches, Louisiana",1884,1971,1975,10979,Mid-South Conference
Ouachita Baptist University[b],Tigers,"Arkadelphia, Arkansas",1886,2000,2011,1569,Mid-South Conference
Southeastern Louisiana University,Lions,"Hammond, Louisiana",1925,1971,1979,14327,Mid-South Conference
Southern Arkansas University,Muleriders,"Magnolia, Arkansas",1909,1995,2011,4138,Mid-South Conference
University of Tennessee at Martin,Skyhawks,"Martin, Tennessee",1927,1970,1991,6705,Mid-South Conference
Troy State University,Trojans,"Troy, Alabama",1887,1970,1991,17494,Mid-South Conference
Nicholls State University[2],Colonels,"Thibodaux, Louisiana",1948,1984,1987,,Gulf Star Conference
Northwestern State University,Demons,"Natchitoches, Louisiana",1884,1984,1987,,Gulf Star Conference
Sam Houston State University,Bearkats,"Huntsville, Texas",1879,1984,1987,,Gulf Star Conference
Southeastern Louisiana University,Lions,"Hammond, Louisiana",1925,1984,1987,,Gulf Star Conference
Southwest Texas State University[a],Bobcats,"San Marcos, Texas",1899,1984,1987,,Gulf Star Conference
Stephen F. Austin State University,Lumberjacks &Ladyjacks,"Nacogdoches, Texas",1921,1984,1987,,Gulf Star Conference
Ball State University,Cardinals,"Muncie, Indiana",1918,1950,1968,22513,Indiana Collegiate Conference
Butler University,Bulldogs,"Indianapolis, Indiana",1855,1950,1978,4685,Indiana Collegiate Conference
University of Evansville,Purple Aces,"Evansville, Indiana",1854,1950,1978,2483,Indiana Collegiate Conference
Indiana State University,Sycamores,"Terre Haute, Indiana",1865,1950,1968,13044,Indiana Collegiate Conference
Saint Josephs College,Pumas,"Rensselaer, Indiana",1889,1950,1978,1100,Indiana Collegiate Conference
Valparaiso University,Crusaders,"Valparaiso, Indiana",1859,1950,1978,4500,Indiana Collegiate Conference
DePauw University,Tigers,"Greencastle, Indiana",1837,1953,1977,2300,Indiana Collegiate Conference
University of Indianapolis,Greyhounds,"Indianapolis, Indiana",1902,1970,1978,5500,Indiana Collegiate Conference
Wabash College,Little Giants,"Crawfordsville, Indiana",1832,1970,1976,900,Indiana Collegiate Conference
Butler University,Bulldogs,"Indianapolis, Indiana",,1890,1894,,Indiana IAA
DePauw University,Tigers,"Greencastle, Indiana",,1890,1894,,Indiana IAA
Franklin College,Grizzlies,"Franklin, Indiana",,1890,1894,,Indiana IAA
Hanover College,Panthers,"Hanover, Indiana",,1890,1894,,Indiana IAA
Indiana University,Hoosiers,"Bloomington, Indiana",,1890,1894,,Indiana IAA
Purdue University,Boilermakers,"West Lafayette, Indiana",,1890,1894,,Indiana IAA
Wabash College,Little Giants,"Crawfordsville, Indiana",,1890,1894,,Indiana IAA
Rose Polytechnic Institute,Engineers,"Terre Haute, Indiana",,1890,1894,,Indiana IAA
Central Michigan University,Chippewas,"Mount Pleasant, Michigan",1892,1950,1969,21705.0,IIAC
Eastern Illinois University,Panthers,"Charleston, Illinois",1895,1912,1969,8626.0,IIAC
Illinois State University,Redbirds,"Normal, Illinois",1857,1908,1969,20706.0,IIAC
Western Illinois University,Leathernecks,"Macomb, Illinois",1899,1914,1969,7624.0,IIAC
Augustana College,Vikings,"Rock Island, Illinois",1860,1912,1936,2513.0,IIAC
Blackburn College,Beavers,"Carlinville, Illinois",1837,1914,1922,590.0,IIAC
Bradley University,Braves,"Peoria, Illinois",1897,1908,1936,5451.0,IIAC
Carthage College,Redmen[a],"Carthage, Illinois",1847,1912,1940,2374.0,IIAC
Eastern Michigan University,Hurons[b],"Ypsilanti, Michigan",1849,1950,1961,18838.0,IIAC
Elmhurst College,Pirates[d],"Elmhurst, Illinois",1871,1929,1940,2748.0,IIAC
Eureka College,Red Devils,"Eureka, Illinois",1855,1910,1941,680.0,IIAC
Hedding College,Orangemen,"Abingdon, Illinois",1855,1910,1925,,IIAC
Illinois College,Blueboys &Lady Blues,"Jacksonville, Illinois",1829,1908,1936,1105.0,IIAC
Illinois Wesleyan University,Titans,"Bloomington, Illinois",1850,1908,1936,2113.0,IIAC
Knox College,Prairie Fire,"Galesburg, Illinois",1837,1908,1936,1399.0,IIAC
Lake Forest College,Foresters,"Lake Forest, Illinois",1857,1919,1936,1395.0,IIAC
Lincoln College,Lynx,"Lincoln, Illinois",1865,1910,1927,800.0,IIAC
Lombard College,"Golden Tornado,Olive","Galesburg, Illinois",1853,1908,1928,,IIAC
McKendree College,Bearcats,"Lebanon, Illinois",1828,1912,1937,1702.0,IIAC
Millikin University,Big Blue,"Decatur, Illinois",1901,1908,1936,2118.0,IIAC
Monmouth College,Fighting Scots,"Monmouth, Illinois",1853,1908,1936,1300.0,IIAC
Mount Morris College,"Mountaineers,Mounders","Mount Morris, Illinois",1839,1922,1930,,IIAC
North Central College,Cardinals,"Naperville, Illinois",1861,1927,1936,2490.0,IIAC
Northern Illinois University,Huskies,"DeKalb, Illinois",1895,1920,1965,17169.0,IIAC
Shurtleff College,"Pioneers,Bison","Alton, Illinois",1827,1910,1936,,IIAC
Southern Illinois University Carbondale,"Maroons,Salukis","Carbondale, Illinois",1869,1913,1961,11695.0,IIAC
St. Viator College,"Irish,Green","Bourbonnais, Illinois",1865,1916,1937,,IIAC
Wheaton College,Crusaders[g],"Wheaton, Illinois",1860,1919,1936,2282.0,IIAC
William & Vashti College,unknown,"Aledo, Illinois",1908,1910,1916,,IIAC
Kansas State University,Wildcats,"Manhattan, Kansas",1863,1902,1913,22221,Kansas Collegiate Athletic Conference
Asbury University,Eagles,"Wilmore, Kentucky",1890,1971,2021,1854.0,Kentucky IAC
Bellarmine College,Knights,"Louisville, Kentucky",1950,1951,1964,3369.0,Kentucky IAC
Berea College,Mountaineers,"Berea, Kentucky",1855,1916,2014,1613.0,Kentucky IAC
Bethel College,Wildcats,"McKenzie, Tennessee",1842,1999,2006,2975.0,Kentucky IAC
Campbellsville College,Tigers,"Campbellsville, Kentucky",1906,1964,1995,3318.0,Kentucky IAC
Carlow University,Celtics,"Pittsburgh, Pennsylvania",1929,2012,2023,2400.0,Kentucky IAC
Centre College,Colonels,"Danville, Kentucky",1819,1916,1962,1415.0,Kentucky IAC
Clinch Valley College,HighlandCavaliers[i],"Wise, Virginia",1954,1971,1994,2000.0,Kentucky IAC
Cincinnati Christian University,Eagles,"Cincinnati, Ohio",1924,2008,2019,,Kentucky IAC
Cumberland College,Indians[m],"Williamsburg, Kentucky",1887,1966,1995,1743.0,Kentucky IAC
Eastern Kentucky State Teachers College,Colonels,"Richmond, Kentucky",1906,1927,1948,16959.0,Kentucky IAC
Georgetown College,Tigers,"Georgetown, Kentucky",1829,1916,1995,1400.0,Kentucky IAC
Kentucky Wesleyan College,Panthers,"Winchester, Kentucky[o]",1858,1916,1955,830.0,Kentucky IAC
Lindsey Wilson College,Blue Raiders,"Columbia, Kentucky",1903,1984,2000,2677.0,Kentucky IAC
University of Louisville,Cardinals,"Louisville, Kentucky",1798,1916,1948,22640.0,Kentucky IAC
Mid-Continent University,Cougars,"Mayfield, Kentucky",1949,2000,2006,,Kentucky IAC
Morehead State Teachers College,Eagles,"Morehead, Kentucky",1922,1931,1948,10748.0,Kentucky IAC
Mountain State University,Cougars,"Beckley, West Virginia",1933,2007,2012,,Kentucky IAC
Murray State Teachers College,Racers,"Murray, Kentucky",1922,1933,1948,10495.0,Kentucky IAC
Ogden College,Eagles,"Bowling Green, Kentucky",1906,1916,1927,,Kentucky IAC
Ohio Valley University,Fighting Scots,"Vienna, West Virginia",1960,2021,2021,,Kentucky IAC
Pikeville College,Bears,"Pikeville, Kentucky",1889,1958,2000,1156.0,Kentucky IAC
St. Louis College of Pharmacy,Eutectics,"St. Louis, Missouri",1864,2003,2014,1260.0,Kentucky IAC
Spalding University,Golden Eagles,"Louisville, Kentucky",1814,1992,2007,1692.0,Kentucky IAC
Thomas More College,Saints,"Crestview Hills, Kentucky",1921,1955,1991,1963.0,Kentucky IAC
Transylvania University,Pioneers,"Lexington, Kentucky",1780,1916,2001,1120.0,Kentucky IAC
Union College,Bulldogs,"Barbourville, Kentucky",1879,1933,1995,1368.0,Kentucky IAC
Western Kentucky State Teachers College,Hilltoppers &Lady Toppers,"Bowling Green, Kentucky",1906,1916,1948,19456.0,Kentucky IAC
Angelo State University,Rams &Rambelles,"San Angelo, Texas",1928,1968[a],,10447,Lone Star
University of Arkansas–Fort Smith,Lions,"Fort Smith, Arkansas",1928,2019,,6713,Lone Star
Dallas Baptist University,Patriots,"Dallas, Texas",1898,2019[c],,5500,Lone Star
Eastern New Mexico University,Greyhounds,"Portales, New Mexico",1934,1984,,5574,Lone Star
Lubbock Christian University,Chaparrals &Lady Chaps,"Lubbock, Texas",1957,2019[d],,2100,Lone Star
Oklahoma Christian University,Eagles &Lady Eagles,"Oklahoma City, Oklahoma",1950,2019,,2479,Lone Star
St. Edward's University,Hilltoppers,"Austin, Texas",1885,2019,,5500,Lone Star
St. Mary's University,Rattlers,"San Antonio, Texas",1852,2019,,4500,Lone Star
Texas A&M International University,Dustdevils,"Laredo, Texas",1969,2019,,4298,Lone Star
Texas A&M University–Kingsville,Javelinas,"Kingsville, Texas",1925,1954,,8783,Lone Star
University of Texas Permian Basin,Falcons,"Odessa, Texas",1973,2016,,7628,Lone Star
Texas Woman's University,Pioneers,"Denton, Texas",1901,1989,,12465,Lone Star
University of Texas at Tyler,Patriots,"Tyler, Texas",1971,2019,,5326,Lone Star
Western New Mexico University,Mustangs,"Silver City, New Mexico",1893,2016,,3820,Lone Star
Abilene Christian University,Wildcats,"Abilene, Texas",1906,1973,2013,5334,Lone Star
University of Central Oklahoma,Bronchos,"Edmond, Oklahoma",1890,1987,2011,16428,Lone Star
East Central University,Tigers,"Ada, Oklahoma",1909,1995,2011,4447,Lone Star
Harding University,Bisons &Lady Bisons,"Searcy, Arkansas",1924,1995,2000,6009,Lone Star
University of Houston,Cougars,"Houston, Texas",1927,1945,1949,47090,Lone Star
Howard Payne University,Yellow Jackets,"Brownwood, Texas",1889,1956,1987,1400,Lone Star
University of the Incarnate Word,Cardinals,"San Antonio, Texas",1881,2010,2013,9366,Lone Star
Lamar University,Cardinals,"Beaumont, Texas",1923,1950,1965,16191,Lone Star
McMurry University,War Hawks,"Abilene, Texas",1923,1964,1972,1430,Lone Star
University of North Texas,Mean Green,"Denton, Texas",1890,1931,1949,42372,Lone Star
Northeastern State University,RiverHawks,"Tahlequah, Oklahoma",1909,1995,2011,8276,Lone Star
Ouachita Baptist University,Tigers,"Arkadelphia, Arkansas",1886,1995,2000,1569,Lone Star
Sam Houston State University,Bearkats,"Huntsville, Texas",1879,1931,1984,21679,Lone Star
Southeastern Oklahoma State University,Savage Storm,"Durant, Oklahoma",1909,1995,2011,3889,Lone Star
Southwestern Oklahoma State University,Bulldogs,"Weatherford, Oklahoma",1901,1996,2011,5154,Lone Star
Stephen F. Austin State University,Lumberjacks &Ladyjacks,"Nacogdoches, Texas",1921,1931,1984,11946,Lone Star
Sul Ross State University,Lobos,"Alpine, Texas",1917,1950,1976,2070,Lone Star
Texas A&M University–Commerce,Lions,"Commerce, Texas",1889,1931,2022,12013,Lone Star
Texas State University,Bobcats,"San Marcos, Texas",1899,1931,1984,38231,Lone Star
Cameron University,Aggies,"Lawton, Oklahoma",1908,1988,1993,5500,Lone Star
Cameron University,Aggies,"Lawton, Oklahoma",1908,1996,,5500,Lone Star
Midwestern State University,Mustangs,"Wichita Falls, Texas",1922,1948,,6043,Lone Star
Midwestern State University,Mustangs,"Wichita Falls, Texas",1922,1995,,6043,Lone Star
West Texas A&M University,Buffaloes,"Canyon, Texas",1910,1986,1990,10029,Lone Star
West Texas A&M University,Buffaloes,"Canyon, Texas",1910,1996,,10029,Lone Star
Tarleton State University,Texans,"Stephenville, Texas",1899,1968,1976,13109,Lone Star
Tarleton State University,Texans,"Stephenville, Texas",1899,1994,2020,13109,Lone Star
Trinity University,Tigers,"San Antonio, Texas",1869,1932,1934,2643,Lone Star
Trinity University,Tigers,"San Antonio, Texas",1869,1946,1949,2643,Lone Star
University of Denver,Pioneers,"Denver, Colorado",1864,2013,,14130,Mid-Continent (MCC)
University of Nebraska Omaha,Mavericks,"Omaha, Nebraska",1908,2012,,15328,Mid-Continent (MCC)
University of North Dakota,Fighting Hawks,"Grand Forks, North Dakota",1883,2018,,14172,Mid-Continent (MCC)
North Dakota State University,Bison,"Fargo, North Dakota",1890,2007,,11952,Mid-Continent (MCC)
University of St. Thomas,Tommies,"Saint Paul, Minnesota",1885,2021,,9347,Mid-Continent (MCC)
University of South Dakota,Coyotes,"Vermillion, South Dakota",1862,2011,,9464,Mid-Continent (MCC)
South Dakota State University,Jackrabbits,"Brookings, South Dakota",1881,2007,,11465,Mid-Continent (MCC)
University of Akron,Zips,"Akron, Ohio",1870,1978,1980.0,10378,Mid-Continent (MCC)
DePaul University,Blue Demons,"Chicago, Illinois",1898,1992,1999.0,24414,Mid-Continent (MCC)
Howard University,Bison,"Washington, D.C.",1867,1996,1999.0,10000,Mid-Continent (MCC)
C.W. Post of Long Island University,Pioneers,"Brookville, New York",1954,1994,1998.0,8472,Mid-Continent (MCC)
New York Institute of Technology,Bears,"New York, New York",1955,1994,1998.0,13000,Mid-Continent (MCC)
Northern Michigan University,Wildcats,"Marquette, Michigan",1899,1978,1981.0,6764,Mid-Continent (MCC)
Pace University,Setters,"New York, New York",1906,1994,1998.0,12772,Mid-Continent (MCC)
Quincy University,Hawks,"Quincy, Illinois",1860,1994,1996.0,1269,Mid-Continent (MCC)
Southern Illinois University Edwardsville(SIU Edwardsville or SIUE),Cougars,"Edwardsville, Illinois",1957,1994,1996.0,13850,Mid-Continent (MCC)
University of South Dakota,Coyotes,"Vermillion, South Dakota",1862,2009,2011.0,10151,Mid-Continent (MCC)
South Dakota State University,Jackrabbits,"Brookings, South Dakota",1881,2005,2007.0,12851,Mid-Continent (MCC)
State University of New York at Oneonta,Red Dragons,"Oneonta, New York",1889,1996,1998.0,5852,Mid-Continent (MCC)
Valparaiso University,Crusaders,"Valparaiso, Indiana",1859,2017,2020.0,4500,Mid-Continent (MCC)
Valparaiso University,Crusaders,"Valparaiso, Indiana",1859,2017,2021.0,4500,Mid-Continent (MCC)
Youngstown State University,Penguins,"Youngstown, Ohio",1908,1978,1981.0,11298,Mid-Continent (MCC)
University of Missouri–Kansas City,Roos,"Kansas City, Missouri",1933,1994,2012,16000,Mid-Continent (MCC)
University of Missouri–Kansas City,Roos,"Kansas City, Missouri",1933,2020,,16000,Mid-Continent (MCC)
Oral Roberts University,Golden Eagles,"Tulsa, Oklahoma",1963,1997,2011,4000,Mid-Continent (MCC)
Oral Roberts University,Golden Eagles,"Tulsa, Oklahoma",1963,2014,,4000,Mid-Continent (MCC)
Albion College,Britons,"Albion, Michigan",1835,1888,,1568,Michigan IAA
Alma College,Scots,"Alma, Michigan",1886,1902,,1400,Michigan IAA
Calvin University,Knights,"Grand Rapids, Michigan",1876,1953,,3746,Michigan IAA
Hope College,Flying Dutchmen,"Holland, Michigan",1866,1926,,3150,Michigan IAA
Kalamazoo College,Hornets,"Kalamazoo, Michigan",1833,1896,,1436,Michigan IAA
Saint Mary's College[d],Belles,"Notre Dame, Indiana",1844,1997,,2658,Michigan IAA
Trine University,Thunder,"Angola, Indiana",1884,2004,,4104,Michigan IAA
Defiance College,Yellow Jackets,"Defiance, Ohio",1850,1997,1999,1000,Michigan IAA
Hillsdale College,Chargers,"Hillsdale, Michigan",1844,1888,1960,1200,Michigan IAA
Michigan State University,Spartans,"East Lansing, Michigan",1855,1898,1906,45520,Michigan IAA
Adrian College,Bulldogs,"Adrian, Michigan",1859,1908,1922,1700,Michigan IAA
Adrian College,Bulldogs,"Adrian, Michigan",1859,1937,,1700,Michigan IAA
Olivet College,Comets,"Olivet, Michigan",1844,1888,1939,1100,Michigan IAA
Olivet College,Comets,"Olivet, Michigan",1844,1952,,1100,Michigan IAA
Eastern Michigan University,Eagles,"Ypsilanti, Michigan",1849,1892,1901,20000,Michigan IAA
Eastern Michigan University,Eagles,"Ypsilanti, Michigan",1849,1920,1925,20000,Michigan IAA
Baltimore City College,Black Knights,"Baltimore, Maryland",1839,1894,1897,,Maryland IFA
Johns Hopkins University,Blue Jays,"Baltimore, Maryland",1876,1894,1899,,Maryland IFA
"University of Maryland, College Park",Terrapins,"College Park, Maryland",1856,1894,1897,,Maryland IFA
Washington College,Shoremen,"Chestertown, Maryland",1782,1894,1897,,Maryland IFA
American University,Eagles,"Washington, D.C.",1893,1965,1973,12442,Middle Atlantic
Bucknell University,Bison,"Lewisburg, Pennsylvania",1846,1922,1973,3655,Middle Atlantic
Columbia University,Lions,"Manhattan, New York City",1754,1938,1953,27606,Middle Atlantic
University of Delaware,Fightin' Blue Hens,"Newark, Delaware",1743,1922,1973,19391,Middle Atlantic
Dickinson College,Red Devils,"Carlisle, Pennsylvania",1773,1924,1991,2300,Middle Atlantic
Drexel University,Dragons,"Philadelphia, Pennsylvania",1891,1922,1973,25500,Middle Atlantic
Franklin & Marshall College,Diplomats,"Lancaster, Pennsylvania",1787,1922,1991,2324,Middle Atlantic
Gettysburg College,Bullets,"Gettysburg, Pennsylvania",1832,1922,1991,2600,Middle Atlantic
Haverford College,Fords,"Haverford, Pennsylvania",1833,1922,1991,1190,Middle Atlantic
Hofstra University,Pride,"Hempstead, New York",1935,1951,1973,12400,Middle Atlantic
Johns Hopkins University,Blue Jays,"Baltimore, Maryland",1876,1945,1991,5326,Middle Atlantic
La Salle University,Explorers,"Philadelphia, Pennsylvania",1863,1951,1973,7554,Middle Atlantic
Lafayette College,Leopards,"Easton, Pennsylvania",1826,1938,1973,2382,Middle Atlantic
Lehigh University,Mountain Hawks,"Bethlehem, Pennsylvania",1865,1938,1973,7070,Middle Atlantic
Muhlenberg College,Mules,"Allentown, Pennsylvania",1848,1922,1991,2225,Middle Atlantic
New York University,Violets,New York City,1831,1922,1954,38391,Middle Atlantic
University of Pennsylvania,Quakers,"Philadelphia, Pennsylvania",1740,1938,1953,21329,Middle Atlantic
Princeton University,Tigers,"Princeton, New Jersey",1746,1922,1953,7567,Middle Atlantic
Rider University,Broncs,"Lawrenceville, New Jersey",1865,1965,1973,5790,Middle Atlantic
Rutgers University–New Brunswick,Scarlet Knights,"New Brunswick, New Jersey",1766,1922,1961,58788,Middle Atlantic
Saint Joseph's University,Hawks,"Wynnfield, Pennsylvania",1851,1949,1973,8800,Middle Atlantic
Seton Hall University,Pirates,"South Orange, New Jersey",1856,1938,1955,9745,Middle Atlantic
Swarthmore College,Garnet,"Swarthmore, Pennsylvania",1864,1922,1991,1545,Middle Atlantic
Temple University,Owls,"Philadelphia, Pennsylvania",1884,1938,1961,38648,Middle Atlantic
Upsala College,Vikings,"East Orange, New Jersey",1893,1960,1994,435,Middle Atlantic
Ursinus College,Bears,"Collegeville, Pennsylvania",1869,1938,1991,1650,Middle Atlantic
Wagner College,Seahawks,"Staten Island, New York City",1883,1938,1974,2400,Middle Atlantic
Washington College,Shoremen (men's)Shorewomen (women's),"Chestertown, Maryland",1723,1946,1991,1450,Middle Atlantic
West Chester University of Pennsylvania,Golden Rams,"West Chester, Pennsylvania",1871,1938,1950,14950,Middle Atlantic
Cal State Hayward,Pioneers,"Hayward, CA",1956,1961,1998,,Far Western
Chico State,Wildcats,"Chico, CA",1887,1928,1998,,Far Western
Fresno State,Bulldogs,"Fresno, CA",1911,1925,1940,,Far Western
Humboldt State,Lumberjacks,"Arcata, CA",1913,1940,1998,,Far Western
Nevada,Wolf Pack,"Reno, NV",1874,19251953,19401969,,Far Western
Pacific (CA),Tigers,"Stockton, CA",1911,1925,1942,,Far Western
Sacramento State,Hornets,"Sacramento, CA",1947,1953,1985,,Far Western
St. Ignatius,Dons,"San Francisco, CA",1855,1927,1929,,Far Western
Saint Mary's,Gaels,"Moraga, CA",1863,1925,1927,,Far Western
San Francisco State,Gators,"San Francisco, CA",1899,19461953,19511998,,Far Western
San Jose State,Spartans,"San Jose, CA",1857,1929,1935,,Far Western
Sonoma State,Cossacks (now Seawolves),"Rohnert Park, CA",1960,19661982,19741998,,Far Western
Southern Oregon,Raiders,"Ashland, OR",1872,1947,1953,,Far Western
Stanislaus State,Warriors,"Turlock, CA",1957,1975,1998,,Far Western
UC Davis,Aggies,"Davis, CA",1905,1925,1998,,Far Western
University of Nevada,Wolf Pack,"Reno, Nevada",1874,1925,1940,,Far Western
University of Nevada,Wolf Pack,"Reno, Nevada",1874,1953,1969,,Far Western
San Francisco State University,Gators,"San Francisco, California",1899,1946,1951,,Far Western
San Francisco State University,Gators,"San Francisco, California",1899,1953,1998,,Far Western
Sonoma State University,Seawolves,"Rohnert Park, California",1960,1966,1974,,Far Western
Sonoma State University,Seawolves,"Rohnert Park, California",1960,1982,1998,,Far Western
Capital University,Comets,"Bexley, Ohio",1830,1927,,3628.0,Ohio Athletic
Heidelberg University,Student Princes,"Tiffin, Ohio",1850,1907,,1500.0,Ohio Athletic
Marietta College,Pioneers,"Marietta, Ohio",1835,1926,,1430.0,Ohio Athletic
University of Mount Union,Purple Raiders,"Alliance, Ohio",1846,1914,,2223.0,Ohio Athletic
Muskingum University,Fighting Muskies,"New Concord, Ohio",1837,1922,,1779.0,Ohio Athletic
Otterbein University,Cardinals,"Westerville, Ohio",1847,1921,,3080.0,Ohio Athletic
Wilmington College,Quakers,"Wilmington, Ohio",1870,2000,,1389.0,Ohio Athletic
Ashland University,Eagles,"Ashland, Ohio",,1931,1948,6626.0,Ohio Athletic
Bowling Green State University,Falcons,"Bowling Green, Ohio",,1933,1942,17540.0,Ohio Athletic
Case Institute of Technology,various[c],"Cleveland, Ohio",,1902,1948,,Ohio Athletic
University of Cincinnati,Bearcats,"Cincinnati, Ohio",,1910,1924,45949.0,Ohio Athletic
University of Dayton,Flyers,"Dayton, Ohio",,1926,1934,11241.0,Ohio Athletic
Kent State University,Golden Flashes,"Kent, Ohio",,1932,1951,28122.0,Ohio Athletic
Kenyon College,Lords &Ladies,"Gambier, Ohio",,1902,1984,1640.0,Ohio Athletic
Miami (OH),RedHawks[f],"Oxford, Ohio",,1911,1928,19933.0,Ohio Athletic
Oberlin College,Yeomen &Yeowomen,"Oberlin, Ohio",,1902,1984,2850.0,Ohio Athletic
Ohio State University,Buckeyes,"Columbus, Ohio",,1902,1912,61369.0,Ohio Athletic
Ohio University,Bobcats,"Athens, Ohio",,1910,1925,28750.0,Ohio Athletic
University of Toledo,Rockets,"Toledo, Ohio",,1932,1947,20304.0,Ohio Athletic
Western Reserve University,various[j],"Cleveland, Ohio",,1902,1932,,Ohio Athletic
The College of Wooster,Fighting Scots,"Wooster, Ohio",,1907,1984,1827.0,Ohio Athletic
Xavier University,Musketeers,"Cincinnati, Ohio",,1921,1936,7112.0,Ohio Athletic
Baldwin Wallace University,Yellow Jackets,"Berea, Ohio",1845,1915,1918,3500.0,Ohio Athletic
Baldwin Wallace University,Yellow Jackets,"Berea, Ohio",1845,1923,1947,3500.0,Ohio Athletic
Baldwin Wallace University,Yellow Jackets,"Berea, Ohio",1845,1961,,3500.0,Ohio Athletic
John Carroll University,Blue Streaks,"University Heights, Ohio",1886,1932,1948,3500.0,Ohio Athletic
John Carroll University,Blue Streaks,"University Heights, Ohio",1886,1989,,3500.0,Ohio Athletic
Ohio Northern University,Polar Bears,"Ada, Ohio",1871,1916,1948,3500.0,Ohio Athletic
Ohio Northern University,Polar Bears,"Ada, Ohio",1871,1973,,3500.0,Ohio Athletic
University of Akron,Zips,"Akron, Ohio",1870,1915,1936,3500.0,Ohio Athletic
University of Akron,Zips,"Akron, Ohio",1870,1944,1966,3500.0,Ohio Athletic
Denison University,Big Red,"Granville, Ohio",1831,1907,1928,3500.0,Ohio Athletic
Denison University,Big Red,"Granville, Ohio",1831,1933,1984,3500.0,Ohio Athletic
Hiram College,Terriers,"Hiram, Ohio",1850,1920,1935,3500.0,Ohio Athletic
Hiram College,Terriers,"Hiram, Ohio",1850,1951,1971,3500.0,Ohio Athletic
Hiram College,Terriers,"Hiram, Ohio",1850,1989,1999,3500.0,Ohio Athletic
Ohio Wesleyan University,Battling Bishops,"Delaware, Ohio",1842,1902,1928,3500.0,Ohio Athletic
Ohio Wesleyan University,Battling Bishops,"Delaware, Ohio",1842,1947,1984,3500.0,Ohio Athletic
Wittenberg University,Tigers,"Springfield, Ohio",1845,1909,1928,3500.0,Ohio Athletic
Wittenberg University,Tigers,"Springfield, Ohio",1845,1934,1989,3500.0,Ohio Athletic
University of Arkansas at Little Rock,Trojans,"Little Rock, Arkansas",1927,2022,,8197,Ohio Valley (OVC)
Eastern Illinois University,Panthers,"Charleston, Illinois",1895,1996,,8857,Ohio Valley (OVC)
Lindenwood University,Lions,"St. Charles, Missouri",1827,2022,,6992,Ohio Valley (OVC)
Morehead State University,Eagles,"Morehead, Kentucky",1887,1948,,8810,Ohio Valley (OVC)
Southeast Missouri State University,Redhawks,"Cape Girardeau, Missouri",1873,1991,,9927,Ohio Valley (OVC)
Southern Illinois University Edwardsville,Cougars,"Edwardsville, Illinois",1957,2008,,12860,Ohio Valley (OVC)
University of Southern Indiana,Screaming Eagles,"Evansville, Indiana[a]",1965,2022,,7361,Ohio Valley (OVC)
Tennessee State University,Tigers/Lady Tigers,"Nashville, Tennessee",1912,1986,,9218,Ohio Valley (OVC)
Tennessee Technological University,Golden Eagles,"Cookeville, Tennessee",1915,1949,,9902,Ohio Valley (OVC)
University of Tennessee at Martin,Skyhawks,"Martin, Tennessee",1927,1992,,6873,Ohio Valley (OVC)
Western Illinois University,Leathernecks,"Macomb, Illinois",1899,2023,,"7,643[22]",Ohio Valley (OVC)
University of Akron,Zips,"Akron, Ohio",1870,1980,1987,,Ohio Valley (OVC)
Austin Peay State University,Governors,"Clarksville, Tennessee",1927,1962,2022,,Ohio Valley (OVC)
Belmont University,Bruins,"Nashville, Tennessee",1890,2012,2022,,Ohio Valley (OVC)
East Tennessee State University,Buccaneers/Lady Buccaneers[a],"Johnson City, Tennessee",1911,1958,1978,,Ohio Valley (OVC)
Eastern Kentucky University,Colonels,"Richmond, Kentucky",1906,1948,2021,,Ohio Valley (OVC)
University of Evansville,Purple Aces,"Evansville, Indiana",1854,1948,1952,,Ohio Valley (OVC)
Jacksonville State University,Gamecocks,"Jacksonville, Alabama",1883,2003,2021,,Ohio Valley (OVC)
University of Louisville,Cardinals,"Louisville, Kentucky",1798,1948,1949,,Ohio Valley (OVC)
Marshall University,Thundering Herd,"Huntington, West Virginia",1837,1949,1952,,Ohio Valley (OVC)
Middle Tennessee State University,Blue Raiders,"Murfreesboro, Tennessee",1911,1952,2000,,Ohio Valley (OVC)
Murray State University,Racers,"Murray, Kentucky",1922,1948,2022,,Ohio Valley (OVC)
Samford University,Bulldogs,"Homewood, Alabama",1841,2003,2008,,Ohio Valley (OVC)
Western Kentucky University,Hilltoppers/Lady Toppers,"Bowling Green, Kentucky",1906,1948,1982,,Ohio Valley (OVC)
Youngstown State University,Penguins,"Youngstown, Ohio",1908,1981,1988,,Ohio Valley (OVC)
Youngstown State University,Penguins,"Youngstown, Ohio",1908,1981,1988,,Ohio Valley (OVC)
Murray State University,Racers,"Murray, Kentucky",1922,1948,2022,,Ohio Valley (OVC)
Allegheny College,Gators,"Meadville, Pennsylvania",1815,2022,,1442.0,Presidents Athletic Conf (PAC)
Bethany College,Bison,"Bethany, West Virginia",1840,1958,,650.0,Presidents Athletic Conf (PAC)
Chatham University[b],Cougars,"Pittsburgh, Pennsylvania",1869,2007,,2300.0,Presidents Athletic Conf (PAC)
Franciscan University of Steubenville,Barons,"Steubenville, Ohio",1946,2020,,2716.0,Presidents Athletic Conf (PAC)
Geneva College,Golden Tornadoes,"Beaver Falls, Pennsylvania",1848,2007,,1791.0,Presidents Athletic Conf (PAC)
Grove City College,Wolverines,"Grove City, Pennsylvania",1876,1984,,2500.0,Presidents Athletic Conf (PAC)
Saint Vincent College,Bearcats,"Latrobe, Pennsylvania",1846,2006,,1652.0,Presidents Athletic Conf (PAC)
Thiel College,Tomcats,"Greenville, Pennsylvania",1866,1958,,790.0,Presidents Athletic Conf (PAC)
Washington & Jefferson College,Presidents,"Washington, Pennsylvania",1781,1958,,1519.0,Presidents Athletic Conf (PAC)
Waynesburg University,Yellow Jackets,"Waynesburg, Pennsylvania",1849,1990,,1500.0,Presidents Athletic Conf (PAC)
Westminster College,Titans,"New Wilmington, Pennsylvania",1852,2000,,1482.0,Presidents Athletic Conf (PAC)
Alfred University,Saxons,"Alfred, New York",1836,1996,1997,2300.0,Presidents Athletic Conf (PAC)
Carnegie Mellon University[a],Tartans,"Pittsburgh, Pennsylvania",1900,1968,1989,6170.0,Presidents Athletic Conf (PAC)
Case Institute of Technology,Rough Riders,"Cleveland, Ohio",1880,1955,1969,,Presidents Athletic Conf (PAC)
Case Western Reserve University[d],Spartans,"Cleveland, Ohio",1967,1970,1983,5121.0,Presidents Athletic Conf (PAC)
Eastern Michigan University,Eagles,"Ypsilanti, Michigan",1849,1962,1966,22974.0,Presidents Athletic Conf (PAC)
Hiram College,Terriers,"Hiram, Ohio",1850,1971,1988,1271.0,Presidents Athletic Conf (PAC)
John Carroll University,Blue Streaks,"University Heights, Ohio",1886,1955,1988,3726.0,Presidents Athletic Conf (PAC)
Thomas More University[e],Saints,"Crestview Hills, Kentucky",1921,2005,2017,1900.0,Presidents Athletic Conf (PAC)
Wayne State University,Tartars[f],"Detroit, Michigan",1868,1955,1966,32564.0,Presidents Athletic Conf (PAC)
Western Reserve University[g],Red Cats,"Cleveland, Ohio",1826,1955,1969,,Presidents Athletic Conf (PAC)
Brigham Young University,Cougars,"Provo, Utah",1875,1918,1938,34100,Rocky Mountain Athletic
University of Colorado Boulder,Buffaloes,"Boulder, Colorado",1876,1909,1938,33246,Rocky Mountain Athletic
Colorado State University,Rams,"Fort Collins, Colorado",1870,1909,1938,34166,Rocky Mountain Athletic
University of Denver[d],Pioneers,"Denver, Colorado",1864,1910,1938,11952,Rocky Mountain Athletic
Emporia State University,Hornets,"Emporia, Kansas",1863,1967,1972,5887,Rocky Mountain Athletic
Idaho State University,Bengals,"Pocatello, Idaho",1901,1948,1958,12805,Rocky Mountain Athletic
Montana State University,Bobcats,"Bozeman, Montana",1893,1917,1959,16766,Rocky Mountain Athletic
University of Nebraska Omaha,Mavericks,"Omaha, Nebraska",1908,1967,1972,15431,Rocky Mountain Athletic
University of Northern Colorado,Bears,"Greeley, Colorado",1889,1924,1972,12862,Rocky Mountain Athletic
Pittsburg State University,Gorillas,"Pittsburg, Kansas",1903,1967,1972,7102,Rocky Mountain Athletic
Southern Utah University,Thunderbirds,"Cedar City, Utah",1897,1967,1986,10196,Rocky Mountain Athletic
University of Utah,Utes,"Salt Lake City, Utah",1850,1910,1938,33000,Rocky Mountain Athletic
Utah State University,Aggies,"Logan, Utah",1888,1915,1938,27691,Rocky Mountain Athletic
Utah Tech University[j][k],Trailblazers,"St. George, Utah",1911,2018,2020,12650,Rocky Mountain Athletic
Washburn University,Ichabods,"Topeka, Kansas",1865,1967,1972,7971,Rocky Mountain Athletic
Wayne State - Nebraska,Wildcats,"Wayne, Nebraska",1910,1989,1990,4202,Rocky Mountain Athletic
University of Wyoming,Cowboys,"Laramie, Wyoming",1886,1921,1938,12450,Rocky Mountain Athletic
Fort Hays State University,Tigers,"Hays, Kansas",1902,1967,1972,15000,Rocky Mountain Athletic
Fort Hays State University,Tigers,"Hays, Kansas",1902,1989,2006,15000,Rocky Mountain Athletic
University of Nebraska at Kearney,Lopers,"Kearney, Nebraska",1905,1989,1990,6500,Rocky Mountain Athletic
University of Nebraska at Kearney,Lopers,"Kearney, Nebraska",1905,1994,2012,6500,Rocky Mountain Athletic
Western New Mexico University,Mustangs,"Silver City, New Mexico",1893,1967,1990,3500,Rocky Mountain Athletic
Western New Mexico University,Mustangs,"Silver City, New Mexico",1893,2006,2016,3500,Rocky Mountain Athletic
Catholic University of America,Cardinals,"Washington, D.C.",1887,1916,1921,7000,South Atlantic Intercollegiate Athletic
Davidson College,Wildcats,"Davidson, North Carolina",1837,1916,1921,1800,South Atlantic Intercollegiate Athletic
George Washington University,Colonials,"Washington, D.C.",1821,1916,1921,28000,South Atlantic Intercollegiate Athletic
Georgetown University,Hoyas,"Washington, D.C.",1789,1911,1921,19000,South Atlantic Intercollegiate Athletic
Johns Hopkins University,Blue Jays,"Baltimore, Maryland",1876,1911,1921,24000,South Atlantic Intercollegiate Athletic
University of Maryland,Terrapins,"College Park, Maryland",1856,1916,1921,41200,South Atlantic Intercollegiate Athletic
University of North Carolina,Tar Heels,"Chapel Hill, North Carolina",1789,1911,1921,30000,South Atlantic Intercollegiate Athletic
North Carolina State University,Wolfpack,"Raleigh, North Carolina",1887,1911,1921,36000,South Atlantic Intercollegiate Athletic
University of Richmond,Spiders,"Richmond, Virginia",1830,1911,1921,4200,South Atlantic Intercollegiate Athletic
St. John's College (Maryland),Johnnies,"Annapolis, Maryland",1696,1921,1921,500,South Atlantic Intercollegiate Athletic
Trinity College (North Carolina),Tigers,"Durham, North Carolina",1838,1916,1921,6000,South Atlantic Intercollegiate Athletic
University of Virginia,Cavaliers,"Charlottesville, Virginia",1819,1911,1921,24000,South Atlantic Intercollegiate Athletic
Virginia Polytechnic Institute,Hokies,"Blacksburg, Virginia",1872,1911,1921,34000,South Atlantic Intercollegiate Athletic
Virginia Military Institute,Keydets,"Lexington, Virginia",1839,1916,1921,1700,South Atlantic Intercollegiate Athletic
Washington and Lee University,Generals,"Lexington, Virginia",1749,1911,1921,1900,South Atlantic Intercollegiate Athletic
College of William & Mary,Tribe,"Williamsburg, Virginia",1693,1916,1921,8600,South Atlantic Intercollegiate Athletic
UCLA,Bruins,Los Angeles,1919,1920,1926,39271,Southern California Intercollegiate Athletic
San Diego State University,Aztecs,San Diego,1897,1926,1938,31303,Southern California Intercollegiate Athletic
California - Santa Barbara,Gauchos,Santa Barbara,1891,1931,1937,22850,Southern California Intercollegiate Athletic
Houston Christian University,Huskies,"Houston, Texas",1960,2013,,4257,Southland
University of the Incarnate Word,Cardinals,"San Antonio, Texas",1881,2013,,9275,Southland
McNeese State University,Cowboys/Cowgirls,"Lake Charles, Louisiana",1939,1972,,7648,Southland
University of New Orleans,Privateers,"New Orleans, Louisiana",1958,2013,,8151,Southland
Nicholls State University,Colonels,"Thibodaux, Louisiana",1948,1991,,6366,Southland
Northwestern State University,Demons/Lady Demons,"Natchitoches, Louisiana",1884,1987,,10979,Southland
Southeastern Louisiana University,Lions/Lady Lions,"Hammond, Louisiana",1925,1997,,13492,Southland
Texas A&M University–Commerce,Lions,"Commerce, Texas",1889,2022,,12385,Southland
Texas A&M University–Corpus Christi,Islanders,"Corpus Christi, Texas",1947,2006,,11929,Southland
Arkansas State University,Indians[c],"Jonesboro, Arkansas",1909,1963,1987,,Southland
University of Central Arkansas,Bears/Sugar Bears,"Conway, Arkansas",1907,2006,2021,,Southland
Louisiana Tech University,BulldogsLady Techsters,"Ruston, Louisiana",1894,1971,1987,,Southland
Northeast Louisiana University,Indians[d],"Monroe, Louisiana",1931,1982,2006,,Southland
University of North Texas,Mean Green,"Denton, Texas",1890,1982,1996,,Southland
Oral Roberts University,Golden Eagles,"Tulsa, Oklahoma",1963,2012,2014,,Southland
University of Southwestern Louisiana,Ragin' Cajuns,"Lafayette, Louisiana",1898,1971,1982,,Southland
Sam Houston State University,Bearkats,"Huntsville, Texas",1879,1987,2021,,Southland
Stephen F. Austin State University,Lumberjacks/Ladyjacks,"Nacogdoches, Texas",1923,1987,2021,,Southland
Texas State University,Bobcats,"San Marcos, Texas",1899,1987,2012,,Southland
University of Texas at Arlington,Mavericks,"Arlington, Texas",1895,1963,2012,,Southland
University of Texas at San Antonio,Roadrunners,"San Antonio, Texas",1969,1991,2012,,Southland
Trinity University,Tigers,"San Antonio, Texas",1869,1963,1972,,Southland
Lamar University,Cardinals,"Beaumont, Texas",1923,1963,1987,15000,Southland
Lamar University,Cardinals,"Beaumont, Texas",1923,1999,2021,15000,Southland
Lamar University,Cardinals,"Beaumont, Texas",1923,2022,,15000,Southland
Abilene Christian University,Wildcats,"Abilene, Texas",1906,1963,1973,5000,Southland
Abilene Christian University,Wildcats,"Abilene, Texas",1906,2013,2021,5000,Southland
Austin College,Kangaroos,"Sherman, Texas",1849,1909,1925,1300,Texas Intercollegiate Athletic
Texas Christian University,Horned Frogs,"Fort Worth, Texas",1873,1909,1923,11000,Texas Intercollegiate Athletic
University of Texas,Longhorns,"Austin, Texas",1883,1909,1914,51000,Texas Intercollegiate Athletic
Texas A&M University,Aggies,"College Station, Texas",1876,1909,1914,69000,Texas Intercollegiate Athletic
Baylor University,Bears,"Waco, Texas",1845,1909,1914,17000,Texas Intercollegiate Athletic
Trinity University,Tigers,"San Antonio, Texas",1869,1909,1925,2500,Texas Intercollegiate Athletic
Rice University,Owls,"Houston, Texas",1912,1909,1924,7000,Texas Intercollegiate Athletic
University of Texas at El Paso,Miners,"El Paso, Texas",1914,1914,1925,25000,Texas Intercollegiate Athletic
Texas Tech University,Red Raiders,"Lubbock, Texas",1923,1925,1925,40000,Texas Intercollegiate Athletic
Southwestern University,Pirates,"Georgetown, Texas",1840,1909,1914,1500,Texas Intercollegiate Athletic
Sul Ross State University,Lobos,"Alpine, Texas",1917,1930,1932,2000,Texas Intercollegiate Athletic
West Texas A&M University,Buffaloes,"Canyon, Texas",1910,1930,1932,10000,Texas Intercollegiate Athletic
Texas A&M University–Commerce,Lions,"Commerce, Texas",1889,1930,1932,12000,Texas Intercollegiate Athletic
University of North Texas,Mean Green,"Denton, Texas",1890,1930,1932,40000,Texas Intercollegiate Athletic
Sam Houston State University,Bearkats,"Huntsville, Texas",1879,1930,1932,21000,Texas Intercollegiate Athletic
Stephen F. Austin State University,Lumberjacks,"Nacogdoches, Texas",1923,1930,1932,13000,Texas Intercollegiate Athletic
Texas State University,Bobcats,"San Marcos, Texas",1899,1930,1932,38000,Texas Intercollegiate Athletic
University of Kansas,Jayhawks,"Lawrence, Kansas",1865,1892,1897,28000,Western Interstate University Football Association
University of Nebraska,Cornhuskers,"Lincoln, Nebraska",1869,1892,1897,26000,Western Interstate University Football Association
University of Missouri,Tigers,"Columbia, Missouri",1839,1892,1897,30000,Western Interstate University Football Association
University of Iowa,Hawkeyes,"Iowa City, Iowa",1847,1892,1897,32000,Western Interstate University Football Association
Alderson College,,"Alderson, West Virginia",1901,1924,1932,,West Virginia Intercollegiate Athletic
Broaddus College,,"Philippi, West Virginia",1871,1924,1932,,West Virginia Intercollegiate Athletic
West Virginia University,,"Morgantown, West Virginia",1867,1924,1927,,West Virginia Intercollegiate Athletic
Morehead State University,,"Morehead, Kentucky",1887,1929,1933,,West Virginia Intercollegiate Athletic
Mountain State University,,"Beckley, West Virginia",1933,1946,1977,,West Virginia Intercollegiate Athletic
Marshall University,,"Huntington, West Virginia",1837,1924,1948,,West Virginia Intercollegiate Athletic
Bethany College,,"Bethany, West Virginia",1840,1924,1962,,West Virginia Intercollegiate Athletic
Potomac State College of West Virginia University,,"Keyser, West Virginia",1901,1924,1963,,West Virginia Intercollegiate Athletic
West Virginia University Institute of Technology,,"Montgomery, West Virginia[i]",1895,1924,2006,,West Virginia Intercollegiate Athletic
Salem University,,"Salem, West Virginia",1888,1924,2010,,West Virginia Intercollegiate Athletic
Boston University,Terriers,"Boston, MA",1839,1971,1996,,Yankee
University of Connecticut,Huskies,"Storrs, CT",1881,1946,1996,,Yankee
University of Delaware,Fightin' Blue Hens,"Newark, DE",1743,1986,1996,,Yankee
College of the Holy Cross,Crusaders,"Worcester, MA",1843,1971,1972,,Yankee
James Madison University,Dukes,"Harrisonburg, VA",1908,1993,1996,,Yankee
University of Maine,Black Bears,"Orono, ME",1865,1946,1996,,Yankee
University of Massachusetts Amherst,Aggies/Redmen/Minutemen,"Amherst, MA",1863,1946,1996,,Yankee
University of New Hampshire,Wildcats,"Durham, NH",1866,1946,1996,,Yankee
Northeastern University,Huskies,"Boston, MA",1898,1993,1996,,Yankee
University of Rhode Island,Rams,"Kingston, RI",1892,1946,1996,,Yankee
University of Richmond,Spiders,"Richmond, VA",1830,1986,1996,,Yankee
University of Vermont,Catamounts,"Burlington, VT",1791,1946,1996,,Yankee
Villanova University,Wildcats,"Villanova, PA",1842,1988,1996,,Yankee
The College of William & Mary,Tribe,"Williamsburg, VA",1693,1993,,,Yankee
